{"cameraMode":{"drawMode":0,"name":"Shaded","section":"Shading Mode"},"sceneLighting":true,"audioPlay":false,"sceneViewState":{"m_AlwaysRefresh":false,"showFog":true,"showSkybox":true,"showFlares":true,"showImageEffects":true,"showParticleSystems":true,"showVisualEffectGraphs":true,"m_FxEnabled":true},"in2DMode":false,"pivot":{"x":2.035330295562744,"y":-0.3477878272533417,"z":-0.3477301597595215},"rotation":{"x":-0.047477565705776218,"y":0.9334892630577087,"z":-0.32915112376213076,"w":-0.13448303937911988},"size":2.2315945625305177,"orthographic":false}