{"cameraMode":{"drawMode":0,"name":"Shaded","section":"Shading Mode"},"sceneLighting":true,"audioPlay":false,"sceneViewState":{"m_AlwaysRefresh":false,"showFog":true,"showSkybox":true,"showFlares":true,"showImageEffects":true,"showParticleSystems":true,"showVisualEffectGraphs":true,"m_FxEnabled":true},"in2DMode":false,"pivot":{"x":-1.4487898349761963,"y":-1.2180064916610718,"z":0.41114115715026858},"rotation":{"x":-0.01832621358335018,"y":0.9803077578544617,"z":-0.16323089599609376,"w":-0.10985460877418518},"size":4.786895751953125,"orthographic":false}